<?xml version="1.0" encoding="UTF-8"?>
<beans xmlns="http://www.springframework.org/schema/beans"
	xmlns:context="http://www.springframework.org/schema/context"
	xmlns:xsi="http://www.w3.org/2001/XMLSchema-instance"
	xsi:schemaLocation=" http://www.springframework.org/schema/beans 
	http://www.springframework.org/schema/beans/spring-beans.xsd
	http://www.springframework.org/schema/context http://www.springframework.org/schema/context/spring-context.xsd">

	<bean class="com.xworkz.app.Fuel" id="fuel">
	<constructor-arg value="3"/>
	</bean>
	
	<bean class="com.xworkz.app.Satellite" id="satellite">
	<property name="price" value="3000"/>
	<property name="name" value="akshara"/>
	</bean>
	
	<bean class= "com.xworkz.app.Rocket" id="rocket">
	<constructor-arg ref="fuel"/>
	<property name="satellite" ref="satellite"/>
	<property name="countryName" value="india"/>
	</bean>

	<bean class="com.xworkz.app.thread.ThreadImpl" id="threadImpl"/>
	<bean class="com.xworkz.app.thread.Labour" id="labour">
	<constructor-arg value="ram"/>
	<property name="Experiance" value="3"/>
	<property name="ThreadImpl" ref="threadImpl"/>
	</bean>
</beans>